<?xml version="1.0" encoding="UTF-8"?>
<templates id="template" xml:space="preserve">

        <t t-name="hospital_management.qweb_doctor_carousal">
        <div id="qweb_doctor_carousal" class="container carousel slide" data-bs-ride="carousel"
             t-att-data-bs-interval="interval">
           <div class="carousel-inner">
              <t t-foreach="chunks" t-as="chunk">
                    <div t-att-class="chunk.is_active ? 'carousel-item active' : 'carousel-item'">

                        <div class="row">
                            <t t-foreach="chunk" t-as="doc">
                               <div class="block span3 col-3">

                                <div class="card">
                                    <a t-attf-href="/doctor/#{doc.id}">
                                        <img t-attf-src="data:image/png;base64,{{doc.image_1920}}"
                                             class="img-thumbnail"/>
                                        <span t-esc="doc.name"/>
                                    </a>
                                </div>
                               </div>
                            </t>
                        </div>
                    </div>
              </t>
          </div>
        </div>
            <a t-attf-href="#qweb_doctor_carousal" class="carousel-control-prev" data-bs-slide="prev" role="button"
               style="left: -198px;color:black;">
            <span class="fa fa-chevron-circle-left fa-2x"/>
        </a>
            <a t-attf-href="#qweb_doctor_carousal" class="carousel-control-next" data-bs-slide="next" role="button"
               style="right: -198px;color:black;">
            <span class="fa fa-chevron-circle-right fa-2x"/>
        </a>
    </t>
    </templates>