<data>
   <record id="attendance_report_scheduler" model="ir.cron">
       <field name="name">Attendance Report Scheduler</field>
       <field name="model_id" ref="model_hr_attendance"/>
       <field name="state">code</field>
       <field name="code">model.action_attendance_report()</field>
       <field name="user_id" ref="base.user_root"/>
       <field name="interval_number">1</field>
       <field name="interval_type">days</field>
       <field name="numbercall">-1</field>
   </record>
</data>