<?xml version="1.0" encoding="UTF-8" ?>
<odoo>
    <data noupdate="1">
        <record id="hospital_sequence_op" model="ir.sequence">
            <field name="name">Hospital Sequence Op</field>
            <field name="code">hospital.sequence.op</field>
            <field name="active">TRUE</field>
            <field name="prefix">OP</field>
            <field name="padding">3</field>
            <field name="number_next">1</field>
            <field name="number_increment">1</field>
            <field name="company_id" eval="False"/>
        </record>
    </data>
</odoo>
