<?xml version="1.0" encoding="utf-8"?>
<odoo>
<!--    <data>-->
    <record id="material_request_category" model="ir.module.category">
        <field name="name">material request</field>
        <field name="description">User access levels for request module</field>
        <field name="sequence">-1</field>
    </record>
    <record id="user_group" model="res.groups">
        <field name="name">User</field>
        <field name="category_id" ref="material_request_category"/>
    </record>
    <record id="manager_group" model="res.groups">
        <field name="name">Manager</field>
        <field name="category_id" ref="material_request_category"/>
        <field name="implied_ids" eval="[(4, ref('user_group'))]"/>
    </record>
    <record id="head_group" model="res.groups">
        <field name="name">Head</field>
        <field name="category_id" ref="material_request_category"/>
    </record>
<!--    </data>-->
</odoo>
