<?xml version="1.0" encoding="UTF-8" ?>
<odoo>
    <record id="material_request_sequence" model="ir.sequence">
        <field name="name">Material Request Sequence</field>
        <field name="code">material.sequence</field>
        <field name="active">TRUE</field>
        <field name="prefix">MR</field>
        <field name="padding">3</field>
        <field name="company_id" eval="False"/>
        <field name="number_next">1</field>
        <field name="number_increment">1</field>
    </record>
</odoo>