<?xml version="1.0" encoding="UTF-8"?>
<templates id="template" xml:space="preserve">

        <t t-name="PurchaseLimitHeading" t-inherit="point_of_sale.PartnerListScreen" t-inherit-mode="extension" owl="1">
        <xpath expr="//th[hasclass('pos-right-align')]" position="before">
                <div>
                    <th>Purchase Limit</th>
                    <t t-esc="limit"/>
                </div>
        </xpath>
        </t>

        <t t-name="PurchaseLimit" t-inherit="point_of_sale.PartnerLine" t-inherit-mode="extension" owl="1">
        <xpath expr="//td[hasclass('partner-line-balance')]" position="before">
                <div>
                    <t t-esc="props.partner.limit or ''"/>
                </div>
        </xpath>
        </t>

</templates>
