<?xml version="1.0" encoding="UTF-8" ?>
<odoo>

    <record id="hospital_management_category" model="ir.module.category">
         <field name="name">Hospital Management</field>
         <field name="description">User access levels for hospital module</field>
         <field name="sequence">10</field>
    </record>

   <record id="receptionist_group" model="res.groups">
       <field name="name">Receptionist</field>
       <field name="category_id" ref="hospital_management_category"/>
    </record>

    <record id="doctor_group" model="res.groups">
      <field name="name">Doctor</field>
      <field name="category_id" ref="hospital_management_category"/>
    </record>

</odoo>