<?xml version="1.0" encoding="UTF-8" ?>
<odoo>

    <record id="hospital_management_rule_doctor" model="ir.rule">
        <field name="name">Hospital Management Rule Doctor</field>
        <field name="model_id" ref="hospital_management.model_hospital_management_op"/>
        <field name="domain_force">[('doctor_id.user_id','=',user.id)]</field>
        <field name="groups" eval="[(4, ref('hospital_management.doctor_group'))]"/>
<!--        # here hospital_management is not ness-->
<!--        #warnig-->
        <field name="perm_read" eval="True"/>
        <field name="perm_write" eval="False"/>
        <field name="perm_create" eval="False"/>
        <field name="perm_unlink" eval="False"/>
    </record>

</odoo>
