<?xml version="1.0" encoding="UTF-8"?>
<templates id="template" xml:space="preserve">

        <t t-name="OrderLinesReceipt" t-inherit="point_of_sale.OrderLinesReceipt" t-inherit-mode="extension" owl="1">
        <xpath expr="//t[@t-foreach='receipt.orderlines']" position="inside">
            <t t-if="line.grade">
                <div>
                    <span>Grade: </span>
                    <t t-esc="line.grade"/>
                </div>
            </t>
        </xpath>
    </t>

</templates>
